54.238280819288015,25.785004287326466
60.333169276317186,31.510688900448653
60.660036867311035,13.296676833746114
62.205018765018735,23.108102109693643
59.909799446664515,5.233268656063462
59.26919529007787,8.215094793902106
61.837889688210325,19.25886451289442
61.86673805850675,10.384951787975211
60.40539239559364,28.81910685428792
61.86148319080176,-3.179754421986134
57.48483006858246,9.322365352833597
61.48063064745511,23.685064929002195
61.306221830451356,21.78419741605486
58.29039023160536,0.38037634642110163
61.35499929861957,0.6861413078739513
60.772586978305725,25.017142884939574
59.18427064999664,-2.208738645487788
63.077314373034625,-2.0446880227188906
57.534124512526546,24.575070853642956
59.78728149594838,-2.602934160516023
61.4109731940858,30.195865851045703
58.33713393531121,-7.562722404914091
61.47767723666342,28.039660082784795
59.57372092059655,14.140134806502793
61.63950831456118,-2.2704744556621375
58.81892114935851,24.41119154877851
57.64743782484228,4.170524851948968
62.70000730423109,22.111251743570637
58.39432029388037,-15.036568787523272
61.149592515655,7.083774833368357
58.86912324401232,16.860697905644752
56.19920506569447,24.923255137200176
59.80865248014036,1.393720599554678
56.97476600748972,14.943138629166572
56.10487519854004,17.742707362857104
60.16935099687642,26.50198822707283
63.60442433893626,21.640465013505526
57.283722419431164,-32.49056421519154
59.50137322406355,3.3983800969073483
56.134941293057295,9.088312281882486
59.57052581200397,-1.7362620006524807
64.15445837903755,2.7116084478064035
61.53427008636052,16.404290215807883
60.476251133334294,14.934103466382185
59.139464666499144,25.741611679706295
56.65972369018472,14.093114853914777
59.6139991881865,15.53297436605202
59.19601339676009,13.68385207755625
60.70595025339163,8.469005875061631
56.96660637122999,23.71725739457085
60.14117013323735,-11.02790224555422
58.259710009323975,6.771878495456713
58.61407191279196,-10.68937479522091
63.1212293165935,39.091420561612836
58.95253115655538,13.717220876479761
58.06945075652955,-1.0451102267427483
60.46449641602559,32.696530315622596
60.34726868964256,2.7377715565133283
58.176715072749715,9.049626503509975
54.93898586130523,22.70615479936065
59.57775947451368,8.028927246180782
57.638584978072004,13.932652349133466
60.971285285431826,-1.0201113255798813
57.91545130091456,14.930480519099799
57.71882434696957,-14.043975731185224
59.010980327740626,17.245457696682994
60.94605431356091,7.773647077201755
63.06690180817929,-1.7847803508392364
64.48779339826757,18.86994736654171
59.39031795544361,20.625073929198987
59.61465201741597,-10.682532799282779
60.48745322227345,10.957891495231408
61.81862628825089,3.40711874429132
61.85628191310528,-3.9555370594893855
57.887803381237916,10.228618651356024
61.22065474719053,6.007177232061463
61.97251945722295,24.68655749636287
60.854637321537766,8.599357057874515
57.46455365359517,1.3048691560671806
58.41969815186944,7.883445751696943
59.44071757447765,5.776982216527517
61.680001222445014,-7.722663728793144
62.269596777854076,-22.539569259492644
58.45561176106251,11.843518117026413
60.32261762925583,4.942356038138995
58.99799851512675,23.37146769321188
63.16355063486466,1.70331298536337
57.11464261305116,-13.556218611151142
60.063317745782605,13.746127844533463
56.825385363265895,18.186418373521796
60.040267600420876,3.6715929133112875
60.651712375830286,-11.928562168826197
61.45899474825285,2.2309531017744
60.06115280938973,19.672811855765353
60.107696115006675,-6.832347871986293
58.92343021357199,6.499581180932127
59.26346793791919,7.515047749316727
62.54552528807896,-9.991741056288074
57.88819454981195,6.894801696677631
58.2622929551041,16.5907374689866
59.43959564797116,9.077347455268809
60.930279185690544,19.351059150908398
64.7399300909302,1.0807849561170517
59.00168910928091,23.339835740854774
59.41371286691942,31.008200771655737
63.90412002487457,9.901460683299888
57.85734108448128,9.818628754458128
62.10072016457505,29.11335948146975
62.37799834408864,16.980789886875833
58.96457006808911,34.32259323575435
59.99823055488977,8.678979059464892
58.865886091593836,22.870828411316097
58.919410987066954,19.049613282170093
59.098310282991065,11.948607082950579
57.776170906377864,16.867604167076337
59.58426322743862,18.11748297183975
63.04834483081393,43.125503922982716
61.12100626079135,-5.854572108494114
60.104584990892526,36.69988094556274
60.94346396059234,26.450498778243478
63.006707907982,12.248424465881326
58.2843695259964,-7.0625244278541714
59.41359306926758,11.036335729850407
58.26153712344205,25.398769860200808
61.28244947548958,16.503599597956466
62.94745282182133,10.86529725098603
60.51625844137695,7.056260187950182
59.35118261257661,5.372270553907041
58.81363228362725,44.71341061707223
62.438838127919475,6.029471119869912
60.46351751350233,28.11429677041939
58.17204022636134,17.68331289908422
58.62376503959893,5.258771577818347
57.74434003159476,26.801364315465463
56.215582302556456,9.119853183784373
60.705210603945034,-6.429786189347414
61.43781298036838,41.32577659013001
56.755670347304246,-4.27372366769227
60.769662754653616,15.377757539627424
54.667997397374904,13.077887710987687
60.43269669117787,27.318980281469965
59.32528497531019,1.6942496082242684
58.4906693873809,3.989012781581895
59.686274181938046,17.51684648535577
56.835917373182056,13.71684520769025
61.508973019309074,4.309065533517271
61.57288346864966,21.12721362438363
58.953027721835554,-1.0646465530354075
63.97035062048377,23.76407742337848
59.126868891614926,-11.106511030909846
57.052251719734485,-19.055380322709418
60.60704015768471,30.679636310045783
58.6029679969402,1.6065456059561303
58.3169792465061,11.661428336520522
60.896798076364675,-10.324072186908062
57.373113190919916,27.778334293269033
58.756863813657404,-7.650500407125751
64.0809994972713,1.72563917619431
58.067311162401616,-3.623037590959706
59.20725429730106,12.794421464918432
61.70335569571691,14.149428787091491
62.62788667976283,28.861892788812654
58.094247537913574,1.8597133183963344
61.53508085620175,12.851389460991683
59.33392215716412,31.43445480142137
56.83099803427858,8.409408505388999
61.621845540774075,5.186390838587055
63.59054110619923,4.325587420362227
62.12599064600231,29.582011449988592
59.73840493851049,0.21248330956357542
61.96965054967224,12.467999020563191
62.47668415459303,-13.562311032586926
59.546610770710515,-2.031908459515247
62.29225559082386,15.610844086024574
59.291291955072666,2.643992390844579
61.83780685005421,0.04964629896604933
59.83603494975226,0.2021063770220053
60.625969150452605,1.536564465530759
58.64038438744647,13.590476234726859
58.348245762384195,-2.8227990232614797
55.89055930373841,3.853777077089915
63.28910473829755,21.92414771693828
60.640680499490195,21.010146477148197
60.832225875825216,24.56645022435547
61.194371550168825,1.949959208271137
59.26196735367703,14.415533106521352
57.80492820155557,11.180222678523394
60.72942625252997,35.39202637655536
61.26137837338999,-2.759495299973839
59.8494528999893,12.35708932973041
60.545139893255126,4.818765328707139
62.19407702965894,-10.977891714255598
64.73673225494933,6.049495426389132
62.39978284802917,-3.142878258329267
60.691206598663705,8.946399368977668
58.198330647455904,28.22369917866708
62.36623924244168,18.203277019293772
59.2010505107856,30.387982795733745
61.73061035691056,3.823275845179518
61.27152162825052,-20.911407860209785
57.15294473522957,-0.511759330738025
57.53845990138886,14.200824089748487
60.2330375750118,9.186250528303027
56.741359430564934,3.69462664374315
60.560738169533344,-6.373317739263953
61.18696006014518,-5.574940457192582
60.13496315227646,-2.455064135496672
58.93741608082237,33.3908539031563
62.617894605020396,7.882903523556533
57.04692129114826,-7.33639365140224
62.647586703717565,41.2135467262094
57.66441983587454,10.215578048663925
57.12323239571469,1.200100380007262
65.04637364915448,8.88295045119036
61.38820004176156,7.069435020254196
60.234819496832564,22.81430109781754
63.29105984211823,12.658823742054285
59.74767724113351,15.133980282388157
64.09753788769817,9.06422351262886
62.5835520054066,8.966004301473031
61.2430148161168,19.015022864953824
60.347702239531074,2.071743285408889
59.89356188235938,25.014579116086246
59.28678708089365,1.894093540823059
59.49198837055069,18.469151544217425
57.964028409403205,12.375627941170535
58.82185369330326,10.108195110769145
59.26291224305511,28.166152081494623
63.013510481908256,3.8988528585564417
59.226966476517774,16.245700233743637
56.582391974016204,7.829333011378263
59.90228375596845,10.448360288459233
56.974380597736186,25.5976237355413
55.88991684556302,2.506502555725196
61.26297644805406,-5.977354460897889
59.351222816613394,4.472174077632213
60.23880784671698,-7.277754824863823
61.740531650816216,2.974684264161022
61.570462529721034,20.97843117247733
59.446862106232665,1.9912240202074543
62.081639612930964,2.9353731899583924
60.885312933430036,21.361279933438812
63.423736146491805,-0.8657545566333287
61.39699440843241,14.74564139750873
61.899805039764644,18.960015514614884
58.328521403359765,21.366690523340786
56.693086448786964,23.850252884034973
56.17050880386073,-3.2642909028879448
58.934648576049725,14.778348841946379
61.54444114599423,-10.076574069230407
58.035990568936995,11.723669866917408
59.900647060943605,14.687750141028467
59.11434046194494,7.579470444291218
61.65372571566393,6.775008778791682
59.074547030102494,48.43810658296958
59.56734801863997,-6.4294929449507165
62.053100026286465,-31.734529117604254
62.7977978260821,1.788221310409611
59.63765547041867,-4.281490920300669
58.74883576232274,8.682354598619511
63.430557533838645,29.092012998775303
61.7483681655833,9.102954184229187
58.31149838135762,1.774359037384544
60.29098697523784,-14.617886834749143
60.26832364969074,8.843781923659535
60.031845853220325,27.701940778965472
60.425954955188665,35.32829429856828
58.88963046095311,19.31617157980353
58.765393677748335,-2.7871687541762764
62.3981844489959,44.180713941541754
60.866825949789195,-11.869861028890643
61.48051631315423,20.764643816177042
59.35356996808213,5.0355789787490925
61.27898979828238,-3.268413405390014
59.258702537632935,-11.496924907535497
59.16988107227177,39.69612735956969
58.25054859144281,19.76779105618837
58.80436951522276,10.901920637700773
60.524813855648496,-7.193528379890218
62.57605784299486,10.184163273899983
60.460915912162186,-3.2930602668143827
62.27695540217218,7.818728514004732
56.76701662860804,-1.6827827510637938
60.8837142698472,-4.6284003660965
59.11353091819508,-8.020490504308622
61.066609687945004,10.263105655036403
57.735613501734356,46.433509537915
57.87441197444319,3.266917875250863
62.193152056861344,0.9439560271539396
59.24427077809214,13.924789175465527
61.207902780395095,8.704887359708538
59.707164372063296,-8.59460138345418
61.61345553240516,1.6503000012241422
60.55488162735064,0.8549123322204508
61.29805447180135,13.201948355038658
58.6468315682633,24.66223229808071
61.91097538151085,14.722484865014208
60.99366929051898,5.842998284097027
60.58210886606747,8.189404969203116
61.10950315243382,10.340066005493428
60.00450540527405,-6.065539270035401
57.362293761435225,33.71035915268227
58.65145511229091,11.919625590253505
60.60303389286929,14.655856093230735
64.15897379135679,15.373407349510781
58.77741554494485,1.3402063105263657
58.47822796020848,-4.449160679594575
60.85041929402863,23.76912208613498
61.199871310221624,-5.619807435452785
59.319367544182064,10.407848462755974
56.709781396551286,16.560375464298097
58.79733562121542,8.648052244210707
58.78920451944534,-1.9278361851891859
57.59421037621407,9.622979636532044
59.05507503171993,20.47579192949415
58.09813267653231,19.254975411758938
59.645697769513646,1.1114425256198555
60.47127255804516,-21.802556723003597
59.44504864670009,6.231111065865191
58.632976013760945,7.093747574097826
60.15855558207618,0.26149967775683436
58.227349185279564,-6.448249474986596
55.051693603959244,12.697033490415127
57.84163286125714,6.780222274658003
58.407900251371494,31.53285186590682
59.85854199078524,42.56932287902599
54.98039555190749,33.10360733078983
58.618264608783555,-8.268164080182974
56.920938402267716,5.9774502850661335
62.43950499388763,17.327100513211082
63.23340564780297,3.0815353398197614
60.719479121856665,-0.9406630223275023
58.139611429715494,23.93853092661041
67.47835566794797,16.689413232736683
59.95530041496184,19.276753300867085
59.78016600431102,-19.170926765838562
57.8047251281881,13.18473370160821
58.95530258340737,0.9999529272924281
59.685227631846985,31.444229434115744
58.409168642635464,6.674964193996621
57.09990219883762,4.186195235074584
59.73757855487256,9.86845024617859
63.96985265063528,-0.3019913891220227
57.151596053203264,19.94481359227573
60.19229026460761,12.366520944230619
61.41565993856069,-2.016428698206596
63.48211979958659,9.273165148990595
61.76399319380381,9.811773631284911
60.26800646046972,15.944907354597131
60.76095491828027,11.976336292040283
62.575033382895974,10.439186598793272
59.50448832259765,25.061495750056913
59.852930088318395,2.1134038176592593
60.40461547066649,-12.071504760360558
59.3221395719853,28.074704208127258
57.972368306613774,7.695409764061537
60.81571024787416,6.272985012220788
61.37861233665813,22.995585113601066
61.65233236911674,-11.303819722436682
61.33252442753206,-19.442911241857672
66.24757346292536,3.9167155053686216
62.292147701647714,26.308011587266716
60.60859081537714,10.657534841689573
61.38457601036737,-2.8321504454589395
56.26822757540881,0.28859273746533276
62.394065449393224,19.3692400870648
59.15874541963882,2.248920343184521
58.95666303329245,13.185875280963385
58.4566789374061,11.255941063434857
61.40354970223674,-18.187719467556896
56.78473528310131,21.548349215242517
61.08796512867408,-8.81725507266166
55.73987423732094,-12.695079153400027
62.33105425390522,-23.6148404528427
58.352207538910974,22.100567784079193
59.49801199968812,11.297435690836007
60.63091477986855,7.811110177241956
59.401288364845854,13.635766006609444
64.33299677498927,7.124526553484614
60.53527860340192,32.17756225744521
58.40881906284616,-14.571235739701365
61.69276734623521,7.037414381676093
58.496205704072345,16.18680291321921
63.38725900629449,30.887763059894848
56.69483720238099,-18.47730469551904
60.795205833133195,-1.809665660345111
61.824236904599594,2.014102173595221
58.31157362555403,15.518033859399551
60.79714001479473,4.295533724859791
57.174742815343144,-9.537578495476755
60.20728545529484,2.3286452614197763
60.38257519884804,2.5391019409009035
62.809680225042804,-3.7935223315946605
62.2263378269609,27.79037875316521
59.16411383743613,14.412361196729144
56.81699962565489,25.275760393013343
58.1478040744105,-0.9380192787833366
61.69742614319716,-28.883001676407638
57.423600547865625,4.277256929254532
58.90754697823134,23.147859588526003
58.4650955629241,20.41778212874062
61.088503995245006,27.503994907211702
59.90804505525289,9.83381099209016
56.61740118387075,15.299477011827182
60.52504466306897,25.64385063158926
61.114423084212206,29.579773280486815
59.83380187894464,20.59893151622035
57.81089071928769,-1.8592617818805603
58.98629541314678,-11.72358242050445
59.14882062877821,12.80506374455066
59.08985342562648,22.763884672102915
59.168069945875885,8.386858848578713
61.97968662370912,20.610859198863224
61.43063879183128,14.440860391983964
60.00332401015337,21.239251419084844
61.62488552757142,-17.134417671282662
62.370426977095676,26.07825029636751
59.68054172658658,7.862694867371329
61.20231425608499,-14.939989027485282
58.95521647178337,-2.825831661337366
61.88428369369245,12.435787274624802
61.52153339089,14.03260399004014
60.73519761137403,15.570163167029666
65.34407519265301,-8.276606003664678
61.520635663474366,8.730643486321084
60.96842054781301,27.045480312227518
62.06188562605406,18.28585857404987
59.048892360512255,22.609750564763345
58.01998024401449,37.18156663728443
63.49171018075078,6.369947398285406
58.514835975029,2.776353606192826
59.247292453511605,8.941483012950162
61.803216001637104,15.695390249423639
62.101665099785954,7.757598585473309
59.348372861854735,-11.30426898736139
61.117537448720746,26.0873054232885
61.613519582839274,15.642307253806447
60.74102936313255,22.21647072087061
58.42953800201623,15.240952687595506
62.66395195709013,5.931840393638576
59.82301587746598,14.751931734383763
63.73295185583653,12.051571602047863
61.41898010453501,22.341644826217156
57.5277742256822,37.50815780815731
59.57505309716159,-26.21961520211714
61.449381873937405,31.78595564240747
58.59753304350312,-9.971458327542202
58.66439692687243,24.40793654478616
58.60828102304556,5.977870928584604
60.23283293062409,15.709515076924864
58.120757188168014,-4.0869321410432775
59.28295478188491,-2.2103046907872503
61.19460518001411,-20.266510525736102
57.52928490902199,3.0296238313812136
58.94476914179407,1.9426048009479189
61.97783726081886,24.640156054392016
59.394393732498926,2.2255789290316343
59.03042591746754,2.675884801844381
55.89558704649606,14.852497534147448
62.2047398118947,16.831096580014965
58.223007601335496,3.875966603858811
62.04466706554802,42.8812722464412
60.0728448349598,0.5527129853887427
62.59068829243879,-1.4464316775745996
58.53099338658102,-7.223118135462798
59.764077170323596,10.8439590631427
60.85398850533754,-1.0215890763688122
57.943704694930894,10.176198992432479
61.74744079796886,29.65450711769337
64.18805126039331,10.663785354464238
57.34464404409322,24.155457215183873
57.34199280075684,9.86176041563084
59.92865206888043,23.165943796043152
59.42808280482379,4.589195912599729
60.22116619745699,6.528840362306846
57.374673516360325,22.81655891254539
55.22888070452893,10.948120029559147
62.6145915818043,24.12381437881973
59.09630424943714,7.54587668985072
60.57011683706482,-6.015396910540396
61.515163084244634,19.685001426232674
60.46527596471445,18.868778552214387
56.489918831499,14.169766652184009
57.36459591440449,15.128084966677793
63.66105604074025,-18.587877611719605
58.94320805643742,-2.9596776171253136
60.649838863039356,3.736949356981862
62.43901880812665,-5.920837857407056
57.49115110914711,29.254723970212357
58.64503936708258,9.225771365267057
58.351512561253614,8.946246443267663
60.96847821664642,29.561530156171905
59.48281634572481,27.925211135224494
59.601139016968446,1.6205930793370786
63.76471159625853,17.014417697362553
61.01798881878009,15.725140908890133
57.76100793740849,20.531684639329782
58.11916046363733,35.46634162113082
63.574418354780434,22.894710156111493
60.17560309840082,39.73891431603983
-13.71482676717938,5.369774921831104
-44.29261631032614,11.87336995781584
-26.62906122946805,3.304295458781863
-12.984636973211543,2.1468941179886025
-38.46642686062288,4.770448107201276
-2.2372930353048943,1.8122776303997608
-2.0480699568117977,15.850048070070715
-5.254137448109333,14.300955521560475
-17.538176702355056,13.9346373727289
-10.050404071174551,8.668026391716834
-3.1769117926733816,16.41696233543634
-0.6842442709651504,5.626387761361538
-44.078868081277534,12.597914403712494
-24.247356785465623,11.14425890715696
-7.304360986852738,15.047482658322991
-9.270096157967739,11.425172573303321
-40.82737910341105,0.9030100461449102
-6.864424217081066,-0.75394585495442
-25.81126215091281,7.866123807437389
-25.775665359750334,7.902215918335035
-15.613848712494924,14.026364987745243
-20.48962207229122,8.281114626537683
-6.007380542845526,11.414197966757232
5.882451407481465,17.97511825364221
0.28249273259831575,9.152525743408617
16.58580569415526,14.616754967882674
-27.002727865027218,10.510767791219843
-18.885115649381824,6.884252949310622
-20.265610494651234,12.972755600913372
-23.427784757939477,6.970853972620273
15.343655437841296,6.749101273860161
-13.951232882480696,17.228420591067028
-35.93310628200237,2.7324045947237394
-32.400880793002734,8.703242467649078
-0.7599553300784727,12.08179422588299
-32.180005386041294,17.56901781262227
-21.936680629186533,13.286366084045525
-21.797135181111724,15.22759045176111
-38.41494349543666,11.829017948908595
-15.424622136004649,16.1061841741504
6.6129288736442255,-0.8459804313389636
-6.626029807170417,10.05297010966959
-18.378067134421922,2.630436926226741
2.9017880772718883,9.579919424803538
-13.856304839146054,8.599760103470045
-21.07449379690446,5.435977422579898
-15.229762965685874,11.510011039678629
9.94510975401198,8.589085703995426
-10.321037862328588,4.622067884743424
14.997507689365655,20.38461315189153
-37.997782539000006,16.71208824772573
-2.776404450967675,4.491247616047378
-19.24950925385845,6.819426496834147
-30.5574979953915,-0.9318508178458345
-22.483552218417113,8.971320145042489
-14.885403355985435,1.8130641701576753
-9.883482558148746,7.69849783869968
-41.10072319814176,3.155064307519506
-1.3160739101777956,14.214606741396327
-4.030278514761314,5.4360466101033875
-33.11500448043703,7.835831960801174
-10.738264621180514,5.042550201228931
-25.94566596321271,10.547625334550048
-36.26379795425044,9.284216618451728
-16.34898803144905,13.185834991144372
-14.225109695079157,9.356488248374685
-38.75556093861404,8.976372163481418
-8.375726775037744,0.8634335197584573
12.566786113577699,12.43351640006006
-16.322657901674376,17.170528094166748
-15.818023971644543,10.942326883178861
-44.690493946666294,7.547165313353458
-17.170669431379547,7.593582005145517
-32.813206938858,9.171112697034479
-18.198289272175174,13.04689540464554
-15.767829341219587,11.092893663384269
-12.542740622294234,6.224596912842117
-37.70368624278452,9.987783311140474
-33.53757696720862,9.667225790037396
-36.30807158150913,5.69104986989592
-3.0569277799399686,7.878716049052411
-30.628566787702503,6.936973313395431
-2.469610389422911,12.183122527663766
-47.46820609434416,17.668886474223974
-23.79138601932506,12.783636333237649
-18.307549781372245,15.21511079139702
-8.963135401179928,3.154341383399051
-19.994988172786073,8.862558884340746
-17.79489495652752,10.17066121800744
-33.77708205218389,10.869405192890392
-33.313635735435724,5.970316701627002
-9.399672699903407,8.592013095241061
-24.515851321727354,13.016684640904073
-2.658016429245304,15.890086051168817
8.2290274917554,9.987315665493744
-10.203278528111575,9.942124972898345
-15.947816946716358,15.197305018025556
-4.247913134667568,17.224054381550957
-30.46922986870918,9.311840469664832
0.1344146289117596,7.916141813256708
-24.9887243066295,0.3325880770930638
-17.322001047934723,8.62451073791076
-22.304420857200142,6.353907936178769
-9.019738341308788,10.915473840629737
-32.290323770545236,15.907640663351728
-27.841573074532867,10.927976022802895
-10.6601800066376,8.111626066033658
-4.345150118017774,10.399487338578597
-30.392454240413798,11.721574057373717
4.811451781061244,8.45398710691261
-2.608026698911006,9.899064069901605
-15.738274243264115,8.089255631444063
-28.403271703145197,13.014010224909011
-16.959703266587873,10.797519840230597
-12.118319873843681,11.318034914567871
-2.677917166783942,13.721476801073665
-4.72996432393502,8.174613370352315
-23.12727516152787,9.24759537635705
-34.35128775339581,7.046013696405939
-19.0126658369381,8.873962421649065
-6.777283223166695,16.895545696347565
-4.7848061851565475,9.750765978313769
-30.600318883480078,6.072601181491438
-16.157798858670912,11.608539443250974
-28.802125037093177,8.081902077048523
-6.03447565955608,15.843659778351796
-3.2877271262140937,9.091588886301622
-17.69382309017442,12.104021635163921
-10.164642676443297,4.168995985061855
22.415208260351392,10.633740637239503
12.182131205690336,11.379335347872997
-8.661404383581058,13.851549129318629
-10.801507896181414,8.992603475425586
4.380530081149072,7.514189645920446
-34.73408617749458,4.688628071307073
-4.207730214516168,4.648652324747243
9.919099730292974,16.544602246604107
-4.364570637740707,6.095141439175592
-16.551479407688777,8.194955051955448
-8.69287021608024,9.947275853586952
-7.38524986486781,4.587544331480894
-0.0807346414403316,5.22547540275707
-1.9419840419492687,13.60524142033345
-25.656062591507958,7.930487927548891
5.228230401644041,4.464229211264492
-1.9861442909150249,14.143911077794328
-27.816303616184182,14.66081525286426
-23.751663633278227,18.068718219851746
-26.83533180598577,15.408240296239518
-25.391515197280242,10.661161836061638
-12.028871258200398,4.0110867224581614
-10.66777143877554,13.827089261332622
4.711444048509097,7.610463837228754
-11.676807292498358,10.365915565837962
-4.502127053081713,-0.9997702892261238
-16.637447952800947,11.509837885586412
4.401499510651689,13.60414081554298
-27.999210353731854,11.40340810484348
-44.482835309006134,15.40864969133718
-37.714205785442516,10.515423080439643
-24.299113109045898,7.6937660651064315
-6.523176992188889,5.433140822291341
-24.730063537149885,13.560106385505243
-13.8414216532116,11.883084250746727
-12.780122941883036,12.132083769746488
-20.431970753685754,11.004940829313941
-36.095893164475,13.997238150785488
-59.66516437584033,11.16444451445532
-10.435206680213328,18.512797409480477
-16.605649953225914,21.087344448916873
-28.314988703449497,12.503646454826253
-18.878810452752877,11.707623500504049
-35.04631078069991,4.308453563870719
-11.096218609510041,12.521111092657671
-20.42031980002252,4.304471552778939
-23.758397571487386,2.3034160989495245
-41.59636759844651,9.438906220195728
-35.322902158890116,9.571468945809785
-64.3200190351032,14.461379344691311
-20.003596120812976,9.24552553901674
-22.5627524436894,2.5267960787482853
-7.6009843139357525,15.694643239053324
-45.610235298009584,18.4719091283406
-1.25962544104984,9.966233224655188
-7.763914278681048,9.699850974995073
2.7613687078700693,5.226526777374387
-2.887109960651136,10.877452360774427
-11.615632103251174,9.518055588151002
-18.702337259820304,7.820283533681559
-9.322707966439598,8.396592234406928
-12.28101170081904,19.090650110651467
-13.891503067572405,-2.696803404526296
-8.14167656602498,15.01217112212747
-23.827358865561575,10.138376261709698
-11.639687310134644,6.588672226356024
-18.862361340698246,15.483376845803845
13.97926201853059,9.828746227607539
-13.794248907986692,13.736370274079269
-27.74293220777201,3.6554297931488042
-48.779553969095886,4.316864486358867
-34.12051307160304,7.68869062203514
-25.342440609855874,20.603571860830513
-22.29536366144264,13.431687103058126
-18.968616406248007,16.903744684891702
-34.365926692030385,9.3052370342484
-37.51399415607163,17.233557602615946
-15.826487621447471,12.95248479728668
-13.911520502151856,14.10295649778795
-34.49400611107993,3.3752004457190274
-2.0289679095520867,14.834034493400193
-6.8019248907482,12.377673256329146
-11.137265045747442,7.410861601589624
-25.567574288246355,2.3679307323713665
0.4863742253466743,15.9346709102769
-5.927222538648399,3.312907473714067
-18.521388038506338,17.85201881895137
-0.9117326392648213,-1.2573252023256423
-51.91933222852887,11.941417896959155
3.4276641841219764,5.7870728038567485
-32.02860600299342,13.264494050452935
-7.408323153845608,10.86362395412654
7.256195351706545,14.499498439232394
6.326432555470625,11.65916486732812
-2.3218370898451326,17.184036280100763
-4.734670201455755,12.407836846919777
-22.87519934260981,6.316771347165279
-17.7080405672358,12.801647690848379
-14.825479940454281,13.137070771443781
-7.115705195002825,7.27672980572537
-40.17453094718449,11.765471961573894
-23.27634414775035,-1.5176034673729948
-14.826137619903541,12.733660094793645
-22.927344523867745,6.442113811133051
-33.13052711446258,1.873223644236461
-30.149420710497733,8.193827721600357
-24.071989523916017,18.374948970349326
4.506418427161634,11.466684894168262
-44.11633292343293,12.51276818915608
-31.961700639758973,6.6997235335196885
25.625703284792927,10.809066474758943
-5.92022291602431,12.910208755963062
-32.39944680600159,6.655012212945418
-19.795232629662326,13.321300249099185
-37.4140031106253,9.276682523949614
-14.382961472639622,14.217231939013258
-41.34705536969709,10.158888110498845
-24.802920719199136,11.835858122001763
-23.97875483530401,18.27145754372672
-21.045157064403753,11.036571497727248
-37.54355165401601,6.02238003495421
-5.566869880631881,16.977843563607724
-5.599952643152262,-3.247545437680559
-22.645907639890908,8.267758840264984
-19.38135235136374,9.1874868958254
-7.549592977526385,14.011700457724169
-41.675368993980385,9.69407350744155
-23.423263265115608,8.050376350696771
-17.56145030625769,7.883032668800495
-4.537675385709532,16.26568243224778
-18.703114581528272,10.533241413445644
-15.321560940396726,15.441352810971392
-29.05153007194344,14.047623143030055
-23.755561334418182,16.07816345899331
-16.986977810272876,18.45960891606983
-18.289444741468063,6.76337070878192
12.810775894890167,2.9346801075990907
-23.10282792990732,13.038629458434142
-8.606292625929512,3.995815814102645
-31.3023824104723,5.018414747217727
7.97271788448105,13.925602627278037
-3.527533113422237,9.502422305414782
-1.3379534641435864,13.685736835136318
-37.53489302061976,5.3061473243498805
-28.51442359928975,14.530439877687833
-6.531154444088514,3.979925386687034
-17.41409848793101,9.04503132803126
-21.575518377165395,12.578433808768668
-11.381369429423414,13.678540629324088
13.543994617870393,11.112068443064057
-58.14221278899461,13.745674294397155
-13.923927068875404,7.154540941560101
-44.893231567250126,11.534623716511167
-40.60491749801606,11.021382988102868
-10.600304131109121,9.132517185752715
-8.531280562028936,12.805943579656343
-8.189928194505477,16.25508701118103
-25.863572358109153,14.263952007310348
-23.706175029561617,15.206933624134106
-0.41392089005379873,7.031120820685411
-17.605241486773892,4.321019584677401
14.924255815561551,10.027504825847576
-9.589699974424384,19.34536197239073
-22.22579332513824,9.520606025771265
-35.485339609059,23.86286173254951
-5.40939037119821,15.157971787855324
-22.59955625354993,7.798495815853852
-11.983819636884151,12.306431525705957
-24.910136974211817,2.946775573279858
-20.950943616705523,5.176472320922736
-13.123086999659181,12.228557169793334
-20.476614440714236,14.445323423748276
-8.282515232646873,8.71220803569309
-17.595834321056497,9.864526186472304
-10.505476764093931,11.344453187880585
-42.530238387944046,12.424462724883458
-13.34888895394908,13.165713059280954
-28.595683273351195,5.435366258187828
-0.40941827952229914,14.089487393387047
-17.971558552178678,11.209551348467865
-12.280205520384607,17.504843832146896
13.268525639714312,13.099171095064284
-15.110908592736678,14.119343442968972
5.992851781894359,4.230554836062329
-35.485273325333324,0.43291420270041137
-12.538763361057114,11.948028647792622
-15.99301567905161,8.77751577137771
-26.44873681459368,8.09596090485291
-36.383123349062686,9.45235722874088
-21.077793921160676,15.633440525297313
-0.17715212231139255,14.39800806849015
-31.118932325571482,12.743481277840297
-21.632681338548377,1.2684364672307922
-0.15253682051283945,14.366733547888906
7.006017791629457,11.219839267117026
-9.55553786946804,12.343326602949052
-36.17194772605991,2.0037700609478035
-7.6331486742215775,12.146128313848065
8.397370299745557,1.9739680533983694
-44.52926491518092,8.609074921448348
-26.057086728480026,19.10797319981849
-10.884995507820605,2.5478928181854945
-24.882837738511302,0.9103912755521808
-35.812148304635286,17.379089536877164
-12.393456438428853,13.725079734632512
-14.85964411686977,7.854617320569705
-13.096507766405258,17.231703747010535
-7.462664685087125,10.623611618985423
-18.90035879090102,16.344033786756818
-40.727566931050696,10.932610696818251
-32.97106644287922,12.336319251919814
-16.1159676932868,12.763435646154146
-14.903072346212344,11.806044969143336
-23.303156659139226,5.767537093060639
-13.651633886931794,16.678583661352242
-14.499657677045361,1.5527583554701643
-27.548765228439542,14.062664127709699
-11.423211456335338,4.853109673792472
-17.84630865696502,13.507984026668368
-14.386924054527011,1.5619286409019946
-3.9687192913174165,9.795538643065221
-9.600409890937701,12.910288163686353
-6.594260249236497,4.73780574090815
-30.003612562180695,9.274148986625734
-14.050879284140386,14.093700639966839
-10.959332477205527,11.885600819334142
-23.597025750148617,4.194887043797176
-7.563007478040397,16.775953571433092
-19.872738001397348,11.151466949318676
-13.965206383556229,4.238760274176386
-9.151918636635639,11.88119630664745
-18.2115871382391,2.4561216891232487
-40.628079713054646,11.41280541033948
-25.920936040695047,-0.8103820380011957
-14.915942774711208,2.9965196054324927
3.5906548013084425,8.760836226329314
-6.41407509723221,11.286219529780654
-24.184614657671524,7.132131794760712
-19.018230098663032,7.218344259922409
-36.356665971030516,6.851289733579955
-30.287170912593396,7.614132530737789
2.7628115024920845,7.6118890111777615
15.730739584365104,5.046270569822225
-14.96753351764789,16.352427720040655
-10.123150900460658,15.747519265353962
-3.8388056594130813,11.959051830202618
4.508728633073453,14.330501477327743
18.641229399109406,13.18184884925132
-15.626818896993221,10.131229280915909
-6.438499461117107,3.7540602014078157
-15.108372809831407,9.337535306431441
-8.946184520762312,5.9157228331182825
-4.988002375221136,14.482678029973798
-10.493264003300105,10.333874849767367
1.8754739929463398,19.47164331755413
-15.236281458916991,13.849748631250309
10.036529032924435,-0.7853218995142299
-40.66699265725197,10.416839460628797
17.01699265675297,2.679388751600797
-15.786290321699747,9.52939547500474
-6.222687935133932,16.380120432359433
-11.840611969908363,3.4859587364628677
-20.677354209781523,10.92809024927498
-17.144971669343043,13.963500438541812
-11.582606080123082,7.408469170548074
-12.656724456236294,11.216559697095342
-12.733709725498542,6.12282590277059
-17.25362425186772,12.405349019787167
-16.68271236873196,10.860639947825476
-35.087499369500364,19.466338260844946
-46.224311296989555,16.000000555981842
-55.85610351492212,45.10637715123008
-32.54315798475726,57.26187413543169
-48.25748322293522,56.95736936970194
-46.92124474149865,55.06959431896229
-51.54979357621075,56.96995343735032
-52.79521051631893,53.20382378139088
-49.41653641958755,47.12657178422767
-46.48674054427684,63.98098897598623
-61.522093577239545,50.15930093443241
-48.81644521404059,54.94901945914554
-47.831551730715084,51.80679454018583
-59.51892194778226,49.07819458100131
-39.700046299951524,55.07584894575386
-36.396756405682744,55.43972522933044
-32.4628966495892,54.331107228132495
-43.6925291294082,54.570260605331335
-50.711050692929724,41.0879679780968
-51.024820054121825,56.75323888720587
-69.79628524591266,29.661865774677274
-44.364494795024626,53.78846291715374
-54.918029412793814,57.02592305818174
-63.020987404331805,45.67217167927588
-59.80591309509219,50.06372257205492
-33.60999809859656,58.09013127297729
-39.447289046767324,66.33746643889215
-43.89408336440489,49.62337247481145
-61.193261639782115,55.82937054878272
-44.46652006066425,61.4294384461097
-49.81987224732013,53.81074538778824
-51.463824926801095,37.04400533748644
-51.40750459016982,32.653313727700365
-55.04079456866368,59.247756375604666
-46.83316413138181,42.743376611027465
-43.94576940817121,55.32886561127152
-40.728024366597104,52.66960188700285
-62.58365551753624,37.4597534521507
-40.21232253225803,37.73061183455343
-44.574557878946194,45.51977619541546
-50.27295427321921,58.85392512863893
-59.99401460295681,33.14225469475903
-45.559517430203265,43.40967989021039
-46.41834299049925,47.932116621943045
-50.17490164053573,36.35585789565923
-67.62859282028613,27.96212403913376
-35.83820522033536,50.622429501670524
-38.84248896238305,45.09647327458008
-47.16971296556772,31.647158622318543
-41.720608291554754,47.794325356319476
-55.95454276918747,28.85493739402027
-46.05793367286847,66.9127176205407
-32.51195672686217,70.28131128864482
-34.46982368896592,58.18167899226312
-47.00919188373139,56.28438867782879
-42.54876904923878,59.28749889469408
-57.96181413892815,54.17624706613086
-64.84196584526941,63.38325684636259
-45.00300197399855,62.29170324900081
-47.85088353506246,39.542813546696124
-42.46580166673692,38.556786541522825
-36.96920411295295,50.44101063943381
-33.14547240604408,47.927521602706065
-62.70448826421966,56.68627370200432
-50.38724660194029,51.412786247536985
-45.51674573317875,52.343174170023076
-57.46889021875218,47.54835796586766
-37.71175356330832,44.313592628242915
-32.373904199408926,52.146147381855016
-33.27716338846099,44.358240852258554
-44.41259569310082,59.97245162964094
-47.663694853561374,63.63617103063867
-40.27692654272237,69.88746062685229
-44.15920133754076,40.221233969561254
-70.38746419990446,35.90147084377881
-40.95127744636011,53.6748167477304
-53.528621926446185,60.64546679273548
-51.84324296696503,52.94029361278859
-45.21315692138229,55.29895193592883
-35.218315446555344,45.672459859256854
-51.84325157301536,57.287508233138304
-43.591014744044806,55.25141660895308
-60.960968114537735,54.687370089776635
-38.5102257542639,59.33242765149815
-44.524448795719344,43.796562357550854
-40.13857827902152,39.175656041610495
-73.5044261046,48.14340862458581
-39.741472591467826,61.01840434674714
-54.30116159022888,45.92010711060078
-43.62472539553188,59.80785098290851
-42.14530408724415,57.52997675103034
-59.327762425907196,45.40376007602033
-58.95926616818437,53.94303539233553
-29.993376258783368,61.52055465641527
-47.47122274438348,56.504328601055455
-47.08008819897987,62.31162269371127
-30.021463121919826,41.53967073922043
-59.08656729987502,60.97954660623585
-29.566030820827645,46.01470644643332
-47.50335825435419,34.83825021342543
-48.349513419594075,42.679304037122414
-50.16799761192948,45.57775233109157
-38.02233794167157,47.18580845175905
-31.921710719606093,59.565173849632785
-35.59796661719388,49.31847309664347
-32.49336804724775,48.76788857771772
-58.15704020712191,50.37147173054981
-49.73443687163243,60.30435871365011
-41.87357916825289,45.279159689863334
-63.11889900369404,67.69059823222224
-66.63314561174286,43.45529662974441
-32.0782010814461,44.41981186250953
-50.584959913383486,44.49958033598106
-53.549655728780294,60.35668783662832
-32.738439118085616,60.63652019274339
-58.936752840743466,46.44331157339322
-44.577118018323446,49.9904740604137
-44.256802724262016,62.63044234358782
-45.66181595074217,55.7577102563324
-41.57612539011479,63.82877234058991
-47.736923260136095,45.34044371855311
-72.14591210258749,57.06431977279841
-59.7387979033943,51.20164768636378
-48.30773173670496,34.22706243184095
-37.34965295397764,33.60100045010503
-55.82050130953259,55.0504666343073
-59.45068318703004,55.977143307677174
-44.54984087947376,62.53305919763454
-39.33125546883862,56.002269767554836
-52.165791209203974,61.2322980995963
-55.924168914314144,42.75402777040019
-52.39097232609121,38.04611382203693
-55.64234276164835,56.8066063797357
-51.12848560268279,44.473119548220915
-58.6702991760037,54.42897580386335
-48.856002630406,60.80855340646587
-50.462908064319,58.90800552663112
-49.97670488537015,35.180156219959514
-45.962559576179785,38.086158115974015
-69.43588956838241,68.68968265455038
-47.96782496945441,51.9337135663655
-55.2571997582394,50.690864850732005
-58.306819068365854,69.7509286615783
-47.29116350108819,64.66688229288843
-52.153131340273745,56.776051460487416
-48.02331634800832,43.026235529149
-69.98607141189561,52.27974666232706
-46.29279640525167,52.51314111153701
-51.19892702194951,62.038197821097754
-66.58837601555453,52.70155878573205
-61.54523713285479,46.331024635148786
-55.20274750059786,48.93825389935907
-61.74950118328984,64.30187338341949
-43.21271344685327,64.90580424121573
-29.946549565439625,43.57380301227453
-54.96754187513926,37.631567960072466
-51.350814971893456,47.6896798699568
-56.07735072230406,61.449359028842935
-38.122128844710545,63.778018007613966
-62.98313257365455,44.85691102028346
-49.386029909773534,58.304385309230554
-65.76418328696766,39.570151097812364
-26.89927223354737,64.50539195920462
-36.117337470333425,46.35095393108927
-44.71027233873673,36.454628126425575
-17.559937815334976,49.26086856189532
-55.47372391727063,68.27462714220624
-44.596932967544355,58.190039364871176
-50.88448465067127,45.17766250847054
-34.514670391204454,50.50094425779439
-55.19614829729001,50.73283464001953
-55.97390596430903,52.357749606151785
-55.431828560066116,53.073830775830835
-35.33914753455557,46.25287983182297
-47.81420252443587,59.498562337195864
-57.71311451518487,65.88400421674342
-42.60465445960598,41.56746108948502
-65.34004183299677,39.57897560684938
-55.76389217652881,53.07058473304746
-55.00760297996675,60.45031450753429
-62.92085940371962,55.82444897666264
-60.50804862579776,71.71631229651962
-28.373691039848737,70.72657276084406
-58.56215118840161,51.27714042364483
-34.44137985213775,49.89904153108227
-39.45913612114263,52.371747311107654
-60.80763459543206,44.91406714688723
-49.869628244139754,60.83405583840488
-42.17622962753903,53.83344472927196
-34.68093869241703,63.55870945767588
-51.83546197672069,40.67659748431854
-58.220792530973455,42.08705954717165
-73.14541279803598,57.97453459798336
-52.15205390528867,66.41171388200627
-49.79841495683948,46.61685976472856
-23.59320533188825,70.76704895593474
-38.50442925164481,36.832103382543536
-50.86121143046005,55.32072014267505
-48.48977805313165,41.56786980533979
-36.41174370332152,43.775618929077915
-61.3435569969455,69.22256505384624
-53.07589344040899,45.223836322280704
-31.928813758032707,55.39862187142854
-71.44026374071592,49.944087226268216
-54.904381504816676,41.92373673844685
-41.886653024640715,46.83748006082541
-51.12147970008941,64.80982104388072
-40.031214388818654,70.41246527547511
-30.95386145013494,51.22258942121878
-40.91656978306728,61.640650646241326
-52.65840985287363,42.327567121422184
-33.82820962942594,33.669886154848314
-58.538638016212616,41.28159458298419
-44.889573240235435,53.28120028202172
-41.20130616489147,54.10180593510577
-49.59065729640655,51.767067389701175
-53.73599402013805,45.279456389024745
-45.64153431309727,41.500408238516314
-55.58015418709796,58.06817778984376
-60.38365011101938,42.2322650681191
-51.239075719990936,45.8427483879226
-47.10681038900542,48.1580100906311
-34.7108868617073,54.927234230322505
-51.11556066856504,52.26666122743526
-53.92560674508865,56.16803007905276
-45.19077307141212,54.616684762862285
-44.240774489968025,41.49446072643543
-54.61415361625787,44.682796149665826
-59.201461773313895,38.789366680337075
-42.663094358168195,36.72560677226082
-29.976027124824476,35.79671565269981
-39.49496313303095,30.23555834058556
-56.10600166198747,63.108667941421466
-59.051275169622656,64.90491703719158
-55.289313261597954,55.70609529251017
-39.96938939010095,62.88358298132649
-53.03907865082835,53.473429825133735
-66.20749432809433,50.67383236865012
-47.55553964707272,50.49403518648078
-49.5400567718588,54.9738437754311
-40.42821100680151,56.47645924308281
-68.43470507368927,53.63953257160981
-59.67944681950342,40.399220846105564
-49.47743213661203,67.5149225910498
-45.308140322627935,36.56831650809733
-49.0414484138022,35.38461605606067
-48.4336856379797,52.816417500415064
-54.51466081740721,47.44036887329023
-60.196237005463324,59.630284105067695
-52.90499356797369,62.19527557833172
-66.05156779583535,46.41030462408534
-49.936418660439564,40.011135231464735
-43.69161063681406,47.40939248190408
-49.09862030765489,33.4351950568906
-49.4434970104239,44.96185961703149
-63.850210156043715,49.262657392874274
-27.40861930218535,39.01376023624086
-27.90130338483783,54.534681205713454
-47.36938904609582,55.79624687952376
-54.444262423412056,38.70111139265516
-59.497938674899075,35.122341116729324
-48.05902372079577,35.900153972705255
-58.3876523686141,59.00653641652193
-76.7156277343363,61.60076100436068
-59.78379395997294,46.4492393672507
-63.61803554066695,35.38170422520052
-50.023700439389565,29.01639479604625
-49.72109812888382,52.30151467925031
-58.06334239456349,57.862536994860605
-49.99633055601017,52.208417680567784
-37.286615176449864,45.881258204248496
-57.32438977239481,59.538543483127825
-35.32079262851516,54.19691455932428
-33.289365245196464,48.24868819199837
-49.263941890359746,44.88410533986043
-14.52528258786947,34.267064073867374
-43.067384757534505,50.678651953584954
-36.64779353916681,47.74647165331596
-46.328728538685326,41.17203010252993
-32.35206577903051,50.156901597331995
-50.712012388126055,49.401336542232336
-60.26286357439247,53.724953656513165
-59.99604063962286,26.561693881912763
-69.42318090706713,28.16430668260578
-40.97768441536431,47.41666049416094
-47.59256691311525,43.18790263037577
-45.876872377738096,47.72345016920639
-68.64797558882643,31.542627496021606
-48.031800981679574,33.868775363503495
-48.84000124560618,43.34639804426091
-44.34738267290626,58.89404746473791
-52.311224244074914,40.46095677523684
-38.955724374315125,43.19513564953232
-54.71572338361038,57.55766492263155
-47.265239993143425,45.65594499511075
-48.47453731297905,52.94312268175081
-41.164731004037215,48.373395614909064
-59.28637408781648,60.49161610900899
-60.115760820643885,44.638854162446734
-64.14182960760122,57.25172784029867
-52.55235389013794,40.48437504778804
-57.73350680339303,61.85715950380244
-56.876319213967435,46.02547278792498
-44.35250071664732,70.49391680119896
-53.94029749808904,59.30519560234434
-65.94450929094114,57.07838389903381
-53.43497077624415,47.66016409674206
-59.1143719736262,48.71528155046089
-47.405649438495345,36.20513565441192
-45.74716082504408,32.57500276734973
-40.90166596945504,66.5520637399296
-50.40529878382042,60.05152821458483
-47.29633852532643,42.627928811556785
-40.23040911040307,53.25003621680398
-53.067665574106485,54.49414814964632
-60.509393083503795,33.41680829834203
-60.53883894299192,68.48779931261167
-55.34076210801041,70.06418207913148
-54.38621655056625,56.942905303886874
-49.23854117892682,47.80205762135958
-43.184491788101454,51.13104020895216
-44.78432190264174,45.13405943570674
-46.30446211563282,50.59547814281328
-59.31720075071627,48.084736726438095
-49.50584029807156,45.15283000028433
-22.178898111862956,47.08923043843054
-62.22173447415549,39.85759505053534
-57.96032319227357,51.44256256310495
-44.65011284389912,49.932808824920215
-45.907509321445815,38.62965722595557
-68.58283396335362,55.75819677257296
-55.30783051725581,60.194080694207074
-59.01963187065497,54.49011801055992
-58.80099675783267,49.61367575837274
-37.010713142480625,48.29885039620522
-32.669092081614195,54.50295079215836
-60.429107866215546,47.21992734856652
-65.17314211134158,37.83065944971227
-33.405391212888084,50.54633013468133
-46.73093053127728,61.4213544165155
-38.86098040499267,48.29267280224881
-46.980773440272316,36.393131718830574
-55.090319638901775,46.1797242497373
-49.15861043410123,28.553246816091548
-59.797322134984576,59.771364405468645
-35.75234802448844,48.08637105711604
-58.123794440077674,39.69508566018569
-34.96350360380282,66.57591653705488
-47.45488766009872,64.9627284929198
-57.20558624071691,48.682727909214165
-43.53697775896256,35.12869824371354
-53.746091120409275,29.50540832074787
1.1743482956512885,-37.5055892034821
18.40546786609753,-49.42139641520686
24.990009388082758,-29.530562725188187
-6.702199079030844,-31.155286682603563
43.82185695438767,-40.48714804331206
54.14329274819609,-37.00508138513997
5.901834151631503,-50.897278859879826
58.16857435523589,-45.59047891596018
13.82746545074415,-50.50873882246681
38.74302889491424,-44.23984108422335
26.23074733251592,-40.309492261675885
38.937020908347904,-45.30382097572739
30.383914538048636,-52.54473307868123
35.889064157042114,-44.104964203431265
11.40353752449198,-33.19487524240215
36.966412952026985,-25.843248921549684
33.26349386458263,-44.11818408355037
8.312274400125268,-46.05807065603082
9.255118872479958,-42.733988849380545
27.854268470661,-49.70790903427035
20.798177043977585,-33.85622067416924
34.178771489583944,-55.190039284431776
22.929940772065578,-39.92514709794744
43.46494600849304,-31.16354311085354
4.3137063347271205,-32.66003411707378
32.763501144791604,-53.05399335689421
40.289415729901926,-46.0156392930556
19.40760970842123,-35.6223836389917
37.85349470811074,-46.143681040191645
40.20758402689061,-61.4965466623302
4.820533328248182,-38.150941860917484
24.344757152450924,-32.79111628528043
2.264127401436358,-24.30498101207971
16.97155085664987,-38.883757494347954
16.15183046222168,-29.22190042446494
38.65063307772482,-32.94668234527454
25.75014326393967,-33.985646271677446
20.579362644570217,-33.20168718173278
28.236284152583313,-49.970368820913855
8.22602453517582,-45.41809124820624
29.89976427901899,-35.24827862497088
2.3585618055551087,-28.379576446696067
15.951598306841861,-51.582209968709364
-7.591126817302303,-21.321752250647478
42.67633616075117,-44.39530934195239
24.374254230366994,-30.289596611541707
35.18284107349714,-39.956482689147556
39.536319525538204,-41.719895824689274
17.998886642741805,-45.036389663014894
31.178859330703407,-41.64721214395497
61.7668202919527,-32.09192073638963
33.00813844872793,-35.84715359575836
10.77197042294583,-36.042033960425485
18.661749228803984,-41.912129766388496
16.00465556402113,-46.75583877381803
36.723810000750696,-28.683799082458343
8.708066497547186,-27.482910474391055
13.536755666398943,-52.634316587579775
-1.9334479895727021,-21.69276933056834
-5.634186608300553,-52.525230104026235
15.471727842859508,-34.437212742906254
23.63793939706983,-33.08826904190213
23.668379459383335,-34.003207297316685
13.471603075137203,-45.91422176684978
11.986812600354533,-35.91335258520643
21.383899079008955,-32.628734548793226
19.181132008453936,-28.663085659364707
64.63494680207447,-39.15105210393061
-22.865367440460794,-59.239093653360804
15.171656943801963,-34.46718203917746
24.90317016680373,-32.78147739662855
30.9395114620944,-49.132091720342515
29.7331866444652,-43.59598324841954
-7.682800391215316,-41.16075141102563
20.96524089308912,-49.212498811538204
10.02924855369892,-34.474270331609326
12.597106291733697,-29.01937636305052
48.37794770127002,-38.38355060338279
25.826174267536516,-44.753566424532025
14.9132374132639,-40.78462082099579
40.46226673924877,-45.85065115178359
-0.16312978234421394,-28.814767037801083
26.399297223616188,-42.4990368776429
25.731574636429926,-29.573706227004788
8.963217283463916,-37.36477326602486
11.392669596599058,-48.99913448585637
33.97147146966974,-59.99242174269504
29.669371443479648,-19.921871381521868
39.38822409843672,-38.99396605464701
30.550190841135517,-42.7867965560363
20.266345455463334,-44.19780123900451
30.807978965131447,-28.516611998363757
37.029634677084275,-46.632062378523564
32.39086809336298,-36.34040757233133
42.38242093189256,-49.04553450060439
23.083504121627108,-40.22131046332383
21.833979196461325,-39.574390428295075
16.543486982154153,-37.47164227625546
13.272512665165749,-38.11872397361342
10.577469616116597,-35.4990526049527
18.996952704608134,-29.438501494588586
35.3845868708504,-38.53769412541983
12.007834334311124,-37.86322158705933
19.569543762173208,-45.99593181036538
20.793306783169687,-39.36253325335071
23.745814437531507,-55.27532817924714
25.592022288837452,-36.62817442081949
19.854344527352225,-46.22628484792878
35.42913759445703,-33.72224776262072
21.240971409171262,-44.38102268348542
29.685783791397704,-31.796051634976145
18.568940881785082,-55.87541955461805
19.247961675109277,-43.770170370561885
7.094246729017389,-41.17258236124658
10.299376432783802,-21.461576322443086
10.784180229342608,-39.0637628120163
4.1395741626952365,-36.98409923512302
2.1297151685799456,-53.6649117451995
26.45365685562988,-41.708959115989494
-6.693766109573396,-53.98375225063188
5.079501637950488,-49.16226548937216
25.38533927825739,-41.48528906462111
27.888858191243777,-34.01674835781539
27.09106985028755,-35.44419786049973
12.69897937656567,-58.181924433120486
6.437701941320283,-50.054621289141124
22.718710480679764,-46.47949810700447
8.161914403180681,-45.672575793733344
26.26277530198112,-29.012226739647794
24.323277917651524,-33.374011010160146
8.003051924102278,-38.74465730162762
23.22400891558874,-31.384174465150682
-3.909176052080312,-32.926145702314756
21.209256988271783,-51.162798680563114
23.773316504675915,-47.35177970390883
13.724855043886674,-33.88110077231208
38.380787340970166,-29.624091473293177
36.07048349696971,-43.43120564877075
48.68449067975996,-39.600883927184114
38.85887172794101,-29.554220485130266
19.188539637688685,-46.29215147766247
15.936805968080996,-50.798661174474006
18.9444806486087,-41.636865844002344
7.089336333494405,-41.07099310400903
22.778630428250835,-16.340327700143437
-5.2112214397928085,-41.66846237321491
5.06481978586417,-39.28956888654448
19.23209921161348,-20.438339075269543
37.47795009902916,-37.07442803488069
14.315846761862268,-45.900501032933285
8.405367489256225,-53.383845292592554
32.58555325896613,-46.20124637295831
13.743980292096676,-34.418398740001706
37.663494013864295,-41.238302631966
26.383008343915353,-45.87895439077375
-4.562233293953703,-40.022461787046424
14.410317907106604,-32.17565359529648
12.905375453379584,-49.182935958343826
27.490969675972035,-46.63994843902937
-1.8385758836708597,-49.47534827261071
38.408749782878466,-54.43356487985559
14.464497696136833,-45.121822669349626
48.119266072518926,-30.261035985051542
8.165025391009715,-32.364553776141854
-0.837933791090137,-41.94847831334552
9.49675502115456,-34.15033044012178
24.288996958080787,-57.52287721564372
40.20459416000806,-36.976632251374745
20.7255713193353,-37.744915153757375
37.430326223979215,-26.45187681087342
19.631439763408714,-49.070573687982034
4.336800886150256,-29.527208091034183
24.064424154337992,-54.53200116038904
6.9944650188989534,-28.2364983522976
6.577408993900088,-35.04456009637538
23.985181385687856,-40.41027602746661
3.323762079540586,-12.048600167536883
37.095251235327694,-31.42105853215142
14.717230562767552,-45.99321386591052
26.6072163188063,-36.478911176531305
-7.096777814965236,-37.485459021861374
34.77418041841054,-48.05269012432009
6.302599319209545,-54.457272954985484
26.710110469113896,-41.038537545539505
27.38166135722962,-35.8689088349416
24.074326771031195,-45.72973221127486
17.904640507483734,-41.91657342770405
27.74219474536239,-39.48034685947774
40.45817515281046,-29.023182983464153
11.313533671992928,-26.99577777221167
6.88932038294112,-39.43041973902715
23.116352714835113,-31.015377308046595
24.648552785122394,-36.431339975586596
7.188565770976103,-35.36397369155574
31.970234515752814,-31.347755481803244
22.17838940663961,-32.96177212907733
2.507474293082801,-43.21909706026132
28.79070378625066,-45.81289431550493
25.849197861938553,-53.15299215556665
40.59541610967959,-49.01326328553549
9.914290241806967,-36.543040937089515
2.9786402796432725,-40.42462961376687
23.671464693793073,-51.528388168169705
54.64981388636683,-32.450396409540076
34.79966466500809,-41.57131265974785
45.10732973502192,-48.01304111178264
48.24908616591017,-31.344973353332307
16.37053773541531,-47.85700641876196
12.051701229125662,-44.40370053250464
17.26761227689416,-64.42136850158505
-2.7846411410950367,-29.828916811115633
-18.77690619936812,-43.47885897689311
21.216573738015345,-33.63511344420032
19.755867250632388,-45.494339888769076
27.83894959861656,-30.13024170130257
-0.9598702141603894,-48.35439854631002
48.95846992945647,-54.267353225869506
5.63349153271062,-25.21280083215575
55.288817028605365,-47.48471821296777
18.939995159223663,-35.33018293435829
7.3488465073634615,-27.072075128075905
22.79086632823168,-29.00721742061367
30.043384515373994,-51.819787671101054
21.143776938805544,-41.20018080909069
28.090970391074922,-55.93405968960829
26.800047430275082,-59.52873335900897
29.371461959690393,-43.46638207374406
22.351018264934268,-38.757598857351894
9.370621935492874,-41.185978361539355
4.292565835160625,-43.511598208967555
22.79186314417241,-42.485348174908154
15.841110855712145,-53.16357786490934
19.966491471859246,-52.98083610855798
23.432887506660233,-36.7893544029865
36.73809342579417,-17.365922973523308
18.708741993852644,-53.08533312511267
-14.588909517596186,-43.11292742671961
28.99965088493596,-54.516367587856784
-5.2299065647789185,-42.89907220601792
7.789018815101604,-67.27467756117676
2.4831048383041576,-44.73948370323208
43.39756022251922,-30.751937585343697
12.75246980296312,-52.629488214371456
16.69801602346739,-47.435536599697116
-15.530507761036858,-43.510706444121396
33.77536218129779,-37.82790346503067
11.436227042336329,-19.944510587359623
23.674497509561753,-61.80419280487759
-1.979916326804247,-37.74701741791269
33.73475022193421,-34.16972782153945
38.08873749465461,-45.66967350389736
24.49889326786367,-24.00687023758771
41.136551235545554,-40.66922947326797
20.142418398011056,-42.2088610421926
0.355258387037221,-53.55836658728709
-13.492691407556102,-40.46814901798993
34.85234319058067,-32.825552595908725
21.326746486500586,-55.54646001810687
25.046768384061746,-42.9395813886203
-7.572276990367772,-42.443484385783584
37.513686438071915,-47.927668934387555
24.11374648305216,-38.66635778170071
30.468574399535232,-47.70221942952225
38.1046565433132,-43.7229058162783
12.69318232584714,-54.09473446154788
40.17454030948926,-43.08095305346356
14.453769374027644,-23.518271290330745
4.742079350362072,-13.583672691714305
23.65258321391768,-31.33982534893383
17.88486319992367,-43.77728212399125
37.80180876978888,-50.00321562917058
29.46732540194657,-41.09148861238641
26.196153590081394,-66.28709374686937
11.738950154159047,-38.70640013216581
4.4326668501033595,-50.117744061031075
3.8543444533625575,-25.365073535444175
-7.678633771768727,-39.00611280661869
29.74205480699905,-19.186114484260205
-0.26748410884017204,-32.89149181338465
11.008002463631183,-40.554150509279204
11.059376459959413,-31.1034969970076
20.39586029671313,-33.425469308469964
38.61704996407374,-44.155177780575514
20.70222007310607,-25.787846611893755
50.971610384281234,-42.13082260486221
29.616458109691685,-42.71318646238545
12.556518099755495,-23.52410658929233
-5.038516853601784,-66.21831662763273
-0.421498702770581,-49.52603107626458
9.477655546837893,-50.081719110664956
25.543632872388866,-40.029557100771946
6.487590607446585,-71.31554557167286
32.66319597769788,-35.68507595898928
18.68251269576264,-33.90156913250167
31.32337513549633,-52.1640391538101
29.55430770377678,-49.702680827379595
34.33482720613131,-46.01262684680155
22.09610260682887,-38.72289423859066
36.420990430967606,-53.752435577666006
53.78606622648196,-35.46905163694324
16.87553240968161,-25.00172456587207
-9.3607355382522,-25.36447885626542
44.082424481269044,-33.04426649985702
-3.204975899821573,-30.908104991354207
7.834730208895115,-35.533354517064744
17.20171215299392,-25.208393133811107
35.637365934987,-41.95441767220402
24.23193644924108,-38.69570351675623
19.255621714713858,-25.213597720606618
13.29893265689008,-47.55657240400136
69.54179774731665,-48.989182221788745
51.91067886986028,-31.664438262138276
-5.103455870021598,-44.67517151837338
-6.599794196796353,-39.483775447105884
-4.398539171797882,-29.396752764755092
33.333533956240245,-40.660753467648945
33.897453483650025,-35.71297182563591
29.870526925967987,-48.955981635010744
33.025211195733455,-34.52162965164516
19.19521472220825,-52.68087113354685
-5.882488700452058,-45.508908004398606
20.706427049352452,-46.27754171635204
19.66446522683948,-38.82337046890727
6.958600507546327,-37.32481414728128
15.945448011107967,-38.97985825624482
27.019905314842283,-26.19561866720506
-1.2235946832850395,-29.87554403283729
0.22392699239094327,-61.802905304438774
24.311499348507365,-32.11757661321508
21.141959295873804,-43.64045813322442
20.452468318443632,-19.817763861410228
27.652759467088934,-40.68613333143446
25.278186221477664,-33.9545661575675
9.359071582720887,-29.866858110550613
49.264428536672106,-45.284050163268304
36.37477620220773,-39.753449179959546
32.31713684381525,-44.49258355852996
-2.047395739669817,-11.086421786943284
16.21447833186165,-31.001109933265845
14.923703748395647,-41.102624435723214
46.51639910667896,-22.83864605985747
16.758510938600796,-65.03469513231492
14.294620792737959,-45.101053968133606
11.25804463555825,-31.976510381882058
19.160219019388787,-37.78261035596293
17.6586738731539,-49.74641285929823
28.393079487993404,-53.08367197532483
13.813400114216691,-57.23096963149811
24.730885770404363,-37.19926786873066
57.185158116913954,-33.85666173836259
46.87834830097789,-46.73936600695046
17.805544628118625,-56.135712850063214
22.568637193817903,-31.809798966147845
-1.541685804123638,-40.63920528721935
11.230093392431387,-24.320194643130673
-1.8487124902284684,-31.453020025787904
34.040627578004624,-33.11089590744277
30.25942122301356,-50.22702175547584
14.338285262790981,-36.64613957628075
13.486190253050165,-42.95389662778902
1.9765844478747603,-30.612058574528437
26.00765786479201,-36.16465536022863
18.6715519528021,-41.09132739510762
30.82378896443886,-35.68140727331933
-8.09097876627687,-52.12217161158848
19.271829225459232,-33.42268252848284
23.16140043285057,-41.757811580366955
-1.3161388971686954,-57.158099447342025
11.269846716947361,-42.96481112091135
5.861745585746599,-33.19696634720053
27.330267375404812,-43.39069449914707
26.38072627545776,-45.95261337863303
11.670287856980897,-59.19341537182976
34.381415689562246,-39.86564180250518
16.450337096665354,-19.710844557141996
34.021383228159486,-30.0982137377716
14.014425075530003,-33.08442551853301
-30.25790835101178,-51.73104134851678
6.555907830692709,-34.20176525764286
23.548963333783522,-50.557451033651795
5.5825148722969935,-52.25468080529785
31.543567391190724,-26.489046077524414
28.701485616710016,-40.053609762617405
23.16109715577592,-34.772518372865854
37.987947251048155,-30.887719994476882
10.896183214646978,-42.123480620078155
-0.689508563838082,-26.109170136515957
16.995608093719092,-16.810738405630854
15.29517562271936,-26.171530240586907
15.122942556728583,-52.67332901471676
34.61909712089053,-45.875913155287286
54.22492472319869,-35.61467483224863
19.173056269013422,-30.898713998402187
15.322695952666649,-35.72418976519944
26.950267964416092,-27.542413602776517
19.789027570904324,-37.6579907866708
12.734956374306076,-34.96524156950462
26.847084107601408,-51.28654360320469
39.70352007867962,-43.49321234113116
17.413866788064585,-37.58939766992915
-2.978648807419823,-44.67566529675793
9.689387337921954,-44.60298436747392
14.822044582729667,-29.75060140455488
21.702041475107112,-47.052736488083255
54.29981306219322,-21.268410765419326
29.863799912903335,-33.33405632817671
19.69822704450064,-43.97800702302226
-19.271785105696743,-33.93774194831556
27.833718129137942,-24.98527994668354
12.95170045043296,-37.34688777600437
15.754712463282186,-50.78083592344059
2.93812421478583,-42.10664799983706
5.6174352983325555,-37.680715210083605
-31.21770718172302,-36.2626878072806
52.89875201276191,-42.119344544376865
10.235934454092723,-47.740294499697065
9.778286293159553,-35.3652034094665
17.55342553449262,-18.870920759057405
3.8126088343080973,-46.67822600160649
39.85378354548361,-40.95925847282217
2.6020810477353002,-37.120293333358575
34.88505982737486,-33.08375149596432
17.45113524414919,-34.25896583493446
-3.455777036867751,-52.245503809296345
18.662420085734805,-29.699072560763504
12.633179706707793,-31.987982045070126
35.2145199186783,-33.713047984720504
45.74721569333481,-44.186802949834856
16.072655592002768,-46.4362222826704
7.738978851055215,-63.659516507983504
19.856827440368832,-50.15083873682934
21.620157896372664,-48.552707301967715
45.12208602736365,-53.94487269025394
-8.008919323094478,-38.85741895448896
3.3239893201598463,-36.35144534422201
33.30916990922543,-56.73396616256032
15.35402468135757,-32.58627592701643
30.12865107077443,-46.9812761233609
25.68794689282967,-49.704847259288414
10.867538826562289,-68.1546648970097
8.826027458335039,-68.07710937893177
27.56940262640216,-27.328991560032847
25.04401247851355,-35.882663498624275
29.912644291516273,-40.52288178004508
6.457333085010763,-43.246793108291925
-2.993709160468267,-25.212308232384615
30.143549672234656,-59.56819789190463
27.130547031834418,-37.81863191373409
22.51268901162423,-44.801720370368784
18.006421391319122,-43.34322077404665
